id;nombre;descripcion;imagen;imagen_content_type;fecha_creacion
1;optical lime concept;secondary SMS;../fake-data/blob/hipster.png;image/png;2020-05-25
2;Public-key Locks Licensed;Agent navigating Lek;../fake-data/blob/hipster.png;image/png;2020-05-24
3;hierarchy solid state;Wyoming;../fake-data/blob/hipster.png;image/png;2020-05-24
4;Designer Wooden Small Cotton Chicken;Cotton Pants Toys;../fake-data/blob/hipster.png;image/png;2020-05-24
5;drive parsing Metrics;high-level;../fake-data/blob/hipster.png;image/png;2020-05-24
6;Fresh Harbor;capacitor payment Lebanese Pound;../fake-data/blob/hipster.png;image/png;2020-05-24
7;invoice;CSS;../fake-data/blob/hipster.png;image/png;2020-05-24
8;foreground Iraq;haptic Borders withdrawal;../fake-data/blob/hipster.png;image/png;2020-05-24
9;groupware Garden protocol;cohesive;../fake-data/blob/hipster.png;image/png;2020-05-24
10;leading-edge networks;Generic Home Loan Account;../fake-data/blob/hipster.png;image/png;2020-05-25
